group,function,value,sample_time_nanos,iteration_count
neighbors,nearest_1_hwt_maxerr_5,4,10088931.0,182268
neighbors,nearest_1_hwt_maxerr_5,4,18779271.0,364536
neighbors,nearest_1_hwt_maxerr_5,4,27470616.0,546804
neighbors,nearest_1_hwt_maxerr_5,4,36687219.0,729072
neighbors,nearest_1_hwt_maxerr_5,4,45775370.0,911340
neighbors,nearest_1_hwt_maxerr_5,4,55102679.0,1093608
neighbors,nearest_1_hwt_maxerr_5,4,64045778.0,1275876
neighbors,nearest_1_hwt_maxerr_5,4,73224554.0,1458144
neighbors,nearest_1_hwt_maxerr_5,4,82237279.0,1640412
neighbors,nearest_1_hwt_maxerr_5,4,91394349.0,1822680
neighbors,nearest_1_hwt_maxerr_5,4,100631523.0,2004948
neighbors,nearest_1_hwt_maxerr_5,4,109740846.0,2187216
neighbors,nearest_1_hwt_maxerr_5,4,118126588.0,2369484
neighbors,nearest_1_hwt_maxerr_5,4,127862987.0,2551752
neighbors,nearest_1_hwt_maxerr_5,4,137564873.0,2734020
neighbors,nearest_1_hwt_maxerr_5,4,146788019.0,2916288
neighbors,nearest_1_hwt_maxerr_5,4,155915211.0,3098556
neighbors,nearest_1_hwt_maxerr_5,4,164544979.0,3280824
neighbors,nearest_1_hwt_maxerr_5,4,173824916.0,3463092
neighbors,nearest_1_hwt_maxerr_5,4,182173613.0,3645360
neighbors,nearest_1_hwt_maxerr_5,4,191096036.0,3827628
neighbors,nearest_1_hwt_maxerr_5,4,201833487.0,4009896
neighbors,nearest_1_hwt_maxerr_5,4,207280588.0,4192164
neighbors,nearest_1_hwt_maxerr_5,4,219191911.0,4374432
neighbors,nearest_1_hwt_maxerr_5,4,225448684.0,4556700
neighbors,nearest_1_hwt_maxerr_5,4,239110560.0,4738968
neighbors,nearest_1_hwt_maxerr_5,4,247595039.0,4921236
neighbors,nearest_1_hwt_maxerr_5,4,255918263.0,5103504
neighbors,nearest_1_hwt_maxerr_5,4,264998355.0,5285772
neighbors,nearest_1_hwt_maxerr_5,4,275563330.0,5468040
neighbors,nearest_1_hwt_maxerr_5,4,281721077.0,5650308
neighbors,nearest_1_hwt_maxerr_5,4,297529140.0,5832576
